{
  "seed": 36330,
  "type": "deciduous",
  "bark": {
    "type": "birch",
    "tint": 16777215,
    "flatShading": false,
    "textured": true,
    "textureScale": {
      "x": 1,
      "y": 1
    }
  },
  "branch": {
    "levels": 2,
    "angle": {
      "1": 70,
      "2": 35,
      "3": 7
    },
    "children": {
      "0": 4,
      "1": 3,
      "2": 3
    },
    "force": {
      "direction": {
        "x": 0,
        "y": 1,
        "z": 0
      },
      "strength": 0.010869565217391311
    },
    "gnarliness": {
      "0": 0.04,
      "1": -0.010000000000000007,
      "2": 0.12,
      "3": 0.02
    },
    "length": {
      "0": 23.99,
      "1": 3.36,
      "2": 7.699999999999999,
      "3": 1
    },
    "radius": {
      "0": 0.36999999999999994,
      "1": 0.41,
      "2": 0.7,
      "3": 0.7
    },
    "sections": {
      "0": 12,
      "1": 10,
      "2": 8,
      "3": 6
    },
    "segments": {
      "0": 8,
      "1": 6,
      "2": 4,
      "3": 3
    },
    "start": {
      "1": 0.44999999999999996,
      "2": 0.32999999999999996,
      "3": 0
    },
    "taper": {
      "0": 0.37,
      "1": 0.13,
      "2": 0.7,
      "3": 0.7
    },
    "twist": {
      "0": 0,
      "1": 0,
      "2": 0,
      "3": 0
    }
  },
  "leaves": {
    "type": "aspen",
    "billboard": "double",
    "angle": 30,
    "count": 13,
    "start": 0.2,
    "size": 2.5,
    "sizeVariance": 0.7,
    "tint": 16775778,
    "alphaTest": 0.5
  }
}
